{"i":1000,"val_loss_history":[1.8917550719701],"val_loss_history_it":[1000],"forward_backward_times":{},"opt":{"max_epochs":50,"checkpoint_every":1000,"batch_size":50,"memory_benchmark":0,"init_from":"","grad_clip":5,"model_type":"lstm","lr_decay_every":5,"print_every":1,"wordvec_size":64,"seq_length":50,"input_json":"data.json","num_layers":2,"input_h5":"data.h5","reset_iterations":1,"rnn_size":128,"dropout":0,"checkpoint_name":"cv\/checkpoint","batchnorm":0,"learning_rate":0.002,"speed_benchmark":0,"gpu_backend":"cuda","lr_decay_factor":0.5,"gpu":-1},"train_loss_history":[4.6892881393433,4.5626077651978,4.3692321777344,4.0978384017944,3.8410363197327,3.6229999065399,3.4772911071777,3.3686437606812,3.2448334693909,3.233137845993,3.1548330783844,3.1827456951141,3.1542716026306,3.1578443050385,3.1742029190063,3.1401200294495,3.1710715293884,3.1313278675079,3.2095465660095,3.1553428173065,3.1806209087372,3.1934258937836,3.2020380496979,3.1215870380402,3.1962649822235,3.107816696167,3.1560418605804,3.1254453659058,3.1131165027618,3.1208443641663,3.1553699970245,3.1065366268158,3.0882480144501,3.0529179573059,3.1250078678131,3.0992546081543,3.0825798511505,3.1062459945679,3.0624907016754,3.1664373874664,3.0485866069794,3.0809473991394,3.0396237373352,3.0782487392426,3.050018787384,3.0507850646973,3.0153729915619,2.9969413280487,2.9963839054108,3.014452457428,3.0498516559601,3.0644614696503,2.9697434902191,2.9906690120697,2.9657003879547,2.9494190216064,2.9775335788727,2.9170241355896,2.9684765338898,2.9007153511047,2.9433033466339,2.9219062328339,2.8703916072845,2.8891651630402,2.9560978412628,2.9058010578156,2.8413631916046,2.806056022644,2.8224413394928,2.8150391578674,2.8272769451141,2.7851157188416,2.7289218902588,2.7706670761108,2.7780101299286,2.7495565414429,2.7734467983246,2.6914782524109,2.7095437049866,2.7822482585907,2.7329502105713,2.6929032802582,2.6808953285217,2.671452999115,2.6861686706543,2.7533202171326,2.6864528656006,2.6677052974701,2.6541450023651,2.6508285999298,2.6248652935028,2.6548879146576,2.6899371147156,2.6643395423889,2.6122164726257,2.6105260848999,2.6396057605743,2.6361587047577,2.6237082481384,2.5688199996948,2.6123116016388,2.6001036167145,2.6018600463867,2.5912919044495,2.5912873744965,2.5820405483246,2.582328081131,2.5848505496979,2.5719408988953,2.5353782176971,2.6688067913055,2.5359501838684,2.5634663105011,2.5505745410919,2.5666704177856,2.5667426586151,2.509334564209,2.5827100276947,2.482959985733,2.543573141098,2.5170302391052,2.5363149642944,2.4930558204651,2.4609024524689,2.5236659049988,2.5191991329193,2.5040864944458,2.4774303436279,2.4684166908264,2.5121512413025,2.4866707324982,2.4766550064087,2.4889256954193,2.4816424846649,2.4999899864197,2.4749164581299,2.4224932193756,2.4503707885742,2.4822075366974,2.4587931632996,2.4654302597046,2.4452006816864,2.4105575084686,2.4421997070312,2.476065158844,2.4738314151764,2.4181962013245,2.4176805019379,2.4154367446899,2.3870368003845,2.397566318512,2.3806474208832,2.4102694988251,2.3869543075562,2.4219133853912,2.3771598339081,2.3858151435852,2.3752474784851,2.4302875995636,2.387158870697,2.4118678569794,2.3136575222015,2.4112067222595,2.3626611232758,2.3484401702881,2.2992370128632,2.3739418983459,2.4270777702332,2.4190130233765,2.2898440361023,2.3310115337372,2.3155522346497,2.3258769512177,2.3012208938599,2.3624551296234,2.3347318172455,2.3580121994019,2.3214023113251,2.3449754714966,2.3291273117065,2.2581431865692,2.2777256965637,2.300409078598,2.4051141738892,2.3630783557892,2.3369839191437,2.3530085086823,2.3250501155853,2.3303503990173,2.2508463859558,2.310179233551,2.2777371406555,2.264007806778,2.2741694450378,2.3076672554016,2.2622413635254,2.2684390544891,2.3337781429291,2.2655735015869,2.223224401474,2.2579891681671,2.2651932239532,2.2835130691528,2.3142659664154,2.3257088661194,2.2091240882874,2.289412021637,2.2349457740784,2.280827999115,2.234631061554,2.2959313392639,2.2714340686798,2.3267424106598,2.2926597595215,2.2692756652832,2.2777247428894,2.2434570789337,2.2679760456085,2.2330663204193,2.2328050136566,2.2635231018066,2.16046667099,2.1990368366241,2.1499364376068,2.2398526668549,2.208491563797,2.2233190536499,2.2217552661896,2.1718072891235,2.2323904037476,2.1994345188141,2.2461376190186,2.1928112506866,2.2486166954041,2.2341833114624,2.2224044799805,2.1730535030365,2.2133502960205,2.2426438331604,2.2559399604797,2.1849000453949,2.1763167381287,2.1945447921753,2.2138092517853,2.1635389328003,2.1606752872467,2.1254689693451,2.1981601715088,2.1369636058807,2.1784553527832,2.1858012676239,2.1469750404358,2.2147352695465,2.1229712963104,2.2185866832733,2.1615891456604,2.1520662307739,2.1376550197601,2.1022641658783,2.1363105773926,2.1004610061646,2.1455917358398,2.1785027980804,2.2206830978394,2.1888847351074,2.1485188007355,2.1680102348328,2.1166553497314,2.1442453861237,2.2076463699341,2.156581401825,2.2278475761414,2.1140296459198,2.178991317749,2.1940140724182,2.11980676651,2.1614391803741,2.2245352268219,2.1399459838867,2.1349651813507,2.1225588321686,2.1404032707214,2.0861744880676,2.1459667682648,2.079981803894,2.0412900447845,2.1287140846252,2.135427236557,2.0795104503632,2.1579864025116,2.0562522411346,2.0940206050873,2.1514730453491,2.0797348022461,2.1191811561584,2.0920832157135,2.1006298065186,2.1145145893097,2.1934771537781,2.1543850898743,2.0959603786469,2.0788753032684,2.1090450286865,2.0800666809082,2.1393139362335,2.1400241851807,2.1592552661896,2.0961766242981,2.0520358085632,2.1134586334229,2.0996193885803,2.122983455658,2.0559659004211,2.1072013378143,2.0900721549988,2.1130247116089,2.08278465271,2.0866901874542,2.0756585597992,2.1068677902222,2.1089851856232,2.0673384666443,2.0584318637848,2.1496210098267,2.0700933933258,2.1159000396729,2.0926537513733,2.132310628891,2.1384017467499,2.0615873336792,2.119729757309,2.0355780124664,2.1280264854431,2.0884490013123,2.1080749034882,2.0411219596863,2.0438740253448,2.0803000926971,2.0875270366669,2.0930614471436,2.0519576072693,2.0469074249268,2.0812404155731,2.0994319915771,2.0589802265167,2.0894720554352,2.056991815567,2.1197097301483,2.0767650604248,2.0018246173859,2.0612349510193,2.098286151886,2.0751202106476,2.0942125320435,2.0543789863586,2.0254883766174,2.0517981052399,2.0778014659882,2.0769684314728,2.0509045124054,2.0238115787506,2.0485563278198,2.0232727527618,2.0303516387939,2.0030176639557,2.0491290092468,2.0107078552246,2.0859611034393,2.0441596508026,2.039831161499,2.0445744991302,2.1004617214203,2.0203478336334,2.0705795288086,1.9559797048569,2.0675160884857,2.021721124649,2.0177600383759,1.9542484283447,2.0134191513062,2.0871076583862,2.0762066841125,1.9571741819382,2.007022857666,1.9691795110703,1.9805400371552,1.9766784906387,2.0214319229126,2.0237276554108,2.0423610210419,1.999417424202,2.0458006858826,2.0011601448059,1.9343283176422,1.954794883728,2.0122900009155,2.0954875946045,2.0592305660248,2.0303256511688,2.0311622619629,2.0143010616302,2.0041329860687,1.9704748392105,1.9824368953705,1.9639663696289,1.9564896821976,1.976443529129,2.0386335849762,1.9502873420715,1.9536380767822,2.0487823486328,1.9703857898712,1.9238138198853,1.9633228778839,1.9726458787918,2.0043880939484,2.0185639858246,2.0421686172485,1.9414429664612,1.9983140230179,1.9717861413956,2.0001034736633,1.9405599832535,2.0181357860565,1.9708384275436,2.0408501625061,2.0421166419983,2.0026941299438,2.0056462287903,1.9632550477982,1.966778755188,1.9591701030731,1.947451710701,1.9740030765533,1.9073008298874,1.9542438983917,1.8890302181244,1.9745818376541,1.9040704965591,1.9283388853073,1.9618902206421,1.9007292985916,1.9502460956573,1.9410357475281,1.9883226156235,1.9287133216858,1.9610868692398,1.9785952568054,1.9618357419968,1.8907388448715,1.9383150339127,1.9835159778595,2.0030128955841,1.9322155714035,1.9253101348877,1.9347536563873,1.9667072296143,1.936496257782,1.9172990322113,1.8799673318863,1.9669361114502,1.8854302167892,1.927299618721,1.9282629489899,1.8904632329941,1.9603253602982,